{"loss": [4.802978515625, 3.8369100093841553, 3.0368993282318115, 2.5316426753997803, 2.120309591293335, 1.8080285787582397, 1.5044097900390625, 1.3226609230041504, 1.1787339448928833, 1.0477569103240967, 0.9269621968269348, 0.8531301617622375, 0.7984415292739868, 0.7716249227523804, 0.6562584638595581, 0.576520562171936, 0.5853795409202576, 0.5778074860572815, 0.5501796007156372, 0.5339047312736511, 0.40944862365722656, 0.4716495871543884, 0.4356517493724823, 0.4167104661464691, 0.3960384726524353, 0.4020911455154419, 0.377944678068161, 0.3613421618938446, 0.29006925225257874, 0.3693142831325531, 0.3088191747665405, 0.30151131749153137, 0.2988921105861664, 0.2923165559768677, 0.2861490845680237, 0.2716172933578491, 0.2858662009239197, 0.27238088846206665, 0.263072669506073, 0.2822757065296173, 0.23731090128421783, 0.2352437824010849, 0.21223753690719604, 0.2406296283006668, 0.21937178075313568, 0.20362553000450134, 0.20360183715820312, 0.19585353136062622, 0.24009181559085846, 0.20709280669689178, 0.21553754806518555, 0.19991444051265717, 0.17796893417835236, 0.18362846970558167, 0.16688959300518036, 0.21443739533424377, 0.2100559026002884, 0.22009418904781342, 0.15838785469532013, 0.21825210750102997, 0.19090600311756134, 0.21422654390335083, 0.13340795040130615, 0.18316256999969482, 0.1615556925535202, 0.1367253214120865, 0.15399913489818573, 0.1366906613111496, 0.19000446796417236, 0.1810189187526703, 0.1729448437690735, 0.14998070895671844, 0.1368417590856552, 0.1450212150812149, 0.17729970812797546, 0.132008895277977, 0.16414226591587067, 0.10732297599315643, 0.20445005595684052, 0.15735915303230286, 0.2027236372232437, 0.1658787876367569, 0.1518372893333435, 0.1526687741279602, 0.12407869100570679, 0.13263118267059326, 0.10837505012750626, 0.11575985699892044, 0.14768412709236145, 0.12979274988174438, 0.15129655599594116, 0.14806240797042847, 0.11151299625635147, 0.11167497932910919, 0.1452733278274536, 0.10200934112071991, 0.12634338438510895, 0.12026049941778183, 0.1463497430086136, 0.13566750288009644], "accuracy": [0.032499998807907104, 0.10187499970197678, 0.22187499701976776, 0.3050000071525574, 0.38749998807907104, 0.4762499928474426, 0.5350000262260437, 0.596875011920929, 0.6225000023841858, 0.6693750023841858, 0.7068750262260437, 0.7325000166893005, 0.7412499785423279, 0.7549999952316284, 0.796875, 0.8181250095367432, 0.8043749928474426, 0.8131250143051147, 0.8256250023841858, 0.8331249952316284, 0.8712499737739563, 0.8518750071525574, 0.8581249713897705, 0.8700000047683716, 0.8912500143051147, 0.8693749904632568, 0.8756250143051147, 0.8931249976158142, 0.8981249928474426, 0.8762500286102295, 0.8924999833106995, 0.8981249928474426, 0.9056249856948853, 0.9112499952316284, 0.9081249833106995, 0.9068750143051147, 0.9112499952316284, 0.9181249737739563, 0.9143750071525574, 0.9106249809265137, 0.9312499761581421, 0.9256250262260437, 0.9350000023841858, 0.9256250262260437, 0.9268749952316284, 0.9325000047683716, 0.9300000071525574, 0.9375, 0.9325000047683716, 0.9325000047683716, 0.9381250143051147, 0.9368749856948853, 0.9481250047683716, 0.9424999952316284, 0.9381250143051147, 0.9375, 0.9337499737739563, 0.9350000023841858, 0.949999988079071, 0.9412500262260437, 0.9393749833106995, 0.9418749809265137, 0.9549999833106995, 0.9437500238418579, 0.9487500190734863, 0.9581249952316284, 0.9581249952316284, 0.956250011920929, 0.9518749713897705, 0.9481250047683716, 0.9574999809265137, 0.9574999809265137, 0.9568750262260437, 0.9624999761581421, 0.9474999904632568, 0.9569620490074158, 0.953125, 0.9700000286102295, 0.9487500190734863, 0.9512500166893005, 0.9424999952316284, 0.9549999833106995, 0.9543750286102295, 0.9543750286102295, 0.9631249904632568, 0.9599999785423279, 0.9662500023841858, 0.9712499976158142, 0.9574999809265137, 0.9593750238418579, 0.9568750262260437, 0.9631249904632568, 0.9637500047683716, 0.9674999713897705, 0.9574999809265137, 0.9743750095367432, 0.9643750190734863, 0.9674999713897705, 0.9581249952316284, 0.9637500047683716], "val_loss": [4.420264720916748, 3.0900464057922363, 2.1612327098846436, 1.7359991073608398, 1.5800926685333252, 1.273520827293396, 1.4015109539031982, 0.8584880232810974, 0.7275978326797485, 0.8412767648696899, 0.7794278860092163, 0.7716925144195557, 0.4812127947807312, 0.679806649684906, 0.4704103469848633, 0.3624725341796875, 0.4112793803215027, 0.5217527151107788, 0.36694005131721497, 0.38102394342422485, 0.4938559830188751, 0.33383047580718994, 0.28738802671432495, 0.9816136360168457, 0.2900044322013855, 0.4373447299003601, 0.25669291615486145, 0.16427570581436157, 0.4102157652378082, 0.2557089626789093, 0.3423287570476532, 0.32060036063194275, 0.27979007363319397, 0.27895939350128174, 0.25766825675964355, 0.3121573030948639, 0.19362056255340576, 0.38531357049942017, 0.2649603486061096, 0.2967236042022705, 0.2584124803543091, 0.2442772090435028, 0.6498048901557922, 0.6349499225616455, 0.1394452452659607, 0.29274410009384155, 0.42764368653297424, 0.20714248716831207, 0.6846779584884644, 0.3384287357330322, 0.35117393732070923, 0.2614397704601288, 0.23180493712425232, 0.27488744258880615, 0.13073600828647614, 0.21809238195419312, 0.21309606730937958, 0.3899593651294708, 0.18110331892967224, 0.2880233824253082, 0.29049578309059143, 0.16330686211585999, 0.17055530846118927, 0.09628459811210632, 0.2733077108860016, 0.14977890253067017, 0.22201892733573914, 0.42556461691856384, 0.19243507087230682, 0.1378963589668274, 0.3150540292263031, 0.26080334186553955, 0.15979641675949097, 0.2547985911369324, 0.1432178020477295, 0.22135524451732635, 0.18758730590343475, 0.2386174350976944, 0.12025526165962219, 0.21996931731700897, 0.15872542560100555, 0.5820392370223999, 0.1252768635749817, 0.25212401151657104, 0.19815821945667267, 0.23131275177001953, 0.18153685331344604, 0.15173599123954773, 0.2501794993877411, 0.25361087918281555, 0.23164957761764526, 0.1341397613286972, 0.08082220703363419, 0.1766529083251953, 0.12269914895296097, 0.12456931173801422, 0.29075565934181213, 0.21772290766239166, 0.16801519691944122, 0.16140547394752502],