{"loss": [3.753068447113037, 0.9349918365478516, 0.48419666290283203, 0.30892348289489746, 0.23579585552215576, 0.14884646236896515, 0.18072587251663208, 0.1291702389717102, 0.10232912749052048, 0.1074550449848175, 0.06516525149345398, 0.06548074632883072, 0.05089139938354492, 0.05326765403151512, 0.04452383145689964, 0.02605181187391281, 0.04041318595409393, 0.03774915635585785, 0.030565636232495308, 0.029741447418928146, 0.012849763967096806, 0.018576689064502716, 0.019703596830368042, 0.020449794828891754, 0.012011803686618805], "accuracy": [0.42375001311302185, 0.7599999904632568, 0.8568750023841858, 0.9068750143051147, 0.9275000095367432, 0.956250011920929, 0.953125, 0.9606249928474426, 0.9712499976158142, 0.9693750143051147, 0.9800000190734863, 0.9818750023841858, 0.9831249713897705, 0.9856250286102295, 0.9881250262260437, 0.9937499761581421, 0.9881250262260437, 0.9900000095367432, 0.9887499809265137, 0.9893749952316284, 0.9962499737739563, 0.9943749904632568, 0.9931250214576721, 0.9950000047683716, 0.9975000023841858], "val_loss": [1.9484449625015259, 1.2160636186599731, 1.0058549642562866, 0.6926108002662659, 0.749009907245636, 0.8968827724456787, 0.8885906338691711, 0.6882953643798828, 0.5569632053375244, 0.5591136813163757, 0.5673625469207764, 0.33428290486335754, 0.6214170455932617, 0.5157986283302307, 0.3925941586494446, 0.462263286113739, 0.5150225162506104, 0.4586767554283142, 0.42354702949523926, 0.5246354341506958, 0.48218920826911926, 0.44799065589904785, 0.3307251036167145, 0.45720797777175903, 0.3031565546989441], "val_accuracy": [0.606249988079071, 0.7337499856948853, 0.8137500286102295, 0.8487499952316284, 0.8299999833106995, 0.8299999833106995, 0.8274999856948853, 0.875, 0.8912500143051147, 0.8987500071525574, 0.8999999761581421, 0.9312499761581421, 0.9037500023841858, 0.9024999737739563, 0.925000011920929, 0.9150000214576721, 0.9212499856948853, 0.9262499809265137, 0.9237499833106995, 0.9312499761581421, 0.9275000095367432, 0.9075000286102295, 0.9375, 0.9287499785423279, 0.9524999856948853]}