{"loss": [15.245704650878906, 7.699265003204346, 6.241949558258057, 5.667958736419678, 4.611166954040527, 4.380031585693359, 4.315676212310791, 3.85754656791687, 3.7772128582000732, 3.5334455966949463, 3.630981683731079, 3.130570650100708, 3.1278746128082275, 3.3861379623413086, 3.1257946491241455, 2.832414388656616, 3.265223741531372, 2.9135382175445557, 2.9314379692077637, 2.891606569290161, 2.7663698196411133, 2.865199565887451, 2.6370701789855957, 2.744508981704712, 2.7063839435577393], "accuracy": [0.2827500104904175, 0.4187999963760376, 0.4569000005722046, 0.46767500042915344, 0.49939998984336853, 0.5021250247955322, 0.5092750191688538, 0.5116000175476074, 0.5078250169754028, 0.5256999731063843, 0.5214750170707703, 0.531000018119812, 0.5279750227928162, 0.5164999961853027, 0.5304499864578247, 0.5352749824523926, 0.5206000208854675, 0.5330749750137329, 0.5281500220298767, 0.527400016784668, 0.5309749841690063, 0.5271250009536743, 0.5360000133514404, 0.5261499881744385, 0.5325499773025513], "val_loss": [8.739042282104492, 6.675914287567139, 6.038664817810059, 4.735254764556885, 4.825637340545654, 6.058917045593262, 3.9392106533050537, 4.553640365600586, 4.998490810394287, 4.571722507476807, 3.1238832473754883, 3.742152452468872, 3.8488457202911377, 3.8692047595977783, 2.3906893730163574, 4.011309623718262, 3.639525890350342, 3.000945568084717, 3.032467842102051, 3.4643890857696533, 2.9459388256073, 2.95417857170105, 3.4756832122802734, 2.8704214096069336, 3.039729118347168], "val_accuracy": [0.400299996137619, 0.4404999911785126, 0.4781999886035919, 0.4973999857902527, 0.4871000051498413, 0.4781000018119812, 0.4803999960422516, 0.4871000051498413, 0.5206999778747559, 0.4634000062942505, 0.5151000022888184, 0.48089998960494995, 0.5008999705314636, 0.444599986076355, 0.5468999743461609, 0.48420000076293945, 0.5206000208854675, 0.489300012588501, 0.5051000118255615, 0.5080000162124634, 0.52920001745224, 0.5066999793052673, 0.4875999987125397, 0.5300999879837036, 0.5052000284194946]}