{"loss": [2.2126657962799072, 1.7700526714324951, 1.2481319904327393, 0.9657979607582092, 0.7784573435783386, 0.6445040702819824, 0.5485859513282776, 0.4834252595901489, 0.4288635551929474, 0.36904242634773254, 0.33043065667152405, 0.29096099734306335, 0.26319563388824463, 0.2740914523601532, 0.2485770583152771], "accuracy": [0.1998424381017685, 0.4640231132507324, 0.6034663915634155, 0.6867122054100037, 0.7576155662536621, 0.8038340210914612, 0.8285189270973206, 0.8497899174690247, 0.8694853186607361, 0.8939075469970703, 0.8991596698760986, 0.9141281247138977, 0.9230567216873169, 0.9157037734985352, 0.9201680421829224], "val_loss": [1.8678051233291626, 1.0134923458099365, 0.5671243071556091, 0.3909391462802887, 0.28620249032974243, 0.23746809363365173, 0.18854212760925293, 0.17664948105812073, 0.15272952616214752, 0.13534130156040192, 0.11435510218143463, 0.11031996458768845, 0.10544131696224213, 0.09901175647974014, 0.09248024970293045], "val_accuracy": [0.4852362275123596, 0.8326771855354309, 0.8592519760131836, 0.912401556968689, 0.9301180839538574, 0.9379921555519104, 0.9448819160461426, 0.9409449100494385, 0.9527559280395508, 0.9566929340362549, 0.9675197005271912, 0.9665354490280151, 0.9645669460296631, 0.9704724550247192, 0.9665354490280151]}